accuracy,loss,val_accuracy,val_loss,learning_rate
0.6679803133010864,162.57785034179688,0.7570584416389465,0.5674753189086914,0.0010000000474974513
0.7988505959510803,0.5013986229896545,0.7570584416389465,0.546368420124054,0.0010000000474974513
0.8420361280441284,0.4344545900821686,0.7491792440414429,0.5354527831077576,0.0010000000474974513
0.8676518797874451,0.38377848267555237,0.7518056631088257,0.5307785272598267,0.0010000000474974513
0.8904761672019958,0.3460021913051605,0.7472094297409058,0.5313302874565125,0.0010000000474974513
0.9018062353134155,0.3129390776157379,0.743926465511322,0.5335578322410583,0.0010000000474974513
0.9170771837234497,0.2837096154689789,0.7360472679138184,0.5354306101799011,0.0005000000237487257
0.9213464856147766,0.2735438644886017,0.734734058380127,0.5376591682434082,0.0005000000237487257
